Workbook

Sheet README
A1: shroomé — SKU & Barcode Master
A2: Source-of-truth SKU system for shroomé product line
A5: SKU STRUCTURE
A6: Pattern | B6: SHR-[CATEGORY]-[FLAVOR]-[PACK QTY]
A7: Brand prefix | B7: SHR (fixed for all shroomé products)
A8: Category code | B8: 3-letter — see Code Reference tab
A9: Flavor code | B9: 3-letter — see Code Reference tab
A10: Pack qty | B10: Number of units at that level (01, 06, 12, 24…)
A11: Example | B11: SHR-BOX-VAN-12 = Vanilla retail box of 12 sachets
A13: WORKFLOW
A14: 1. Master List tab | B14: Single source of truth — every SKU lives here
A15: 2. Generator tab | B15: Type a flavor + pack count → auto-builds the SKU
A16: 3. Code Reference tab | B16: Locked category codes + flavor codes
A17: 4. Barcode Guide tab | B17: How to make SKUs scannable for retail vs warehouse
A19: DOWNSTREAM SYSTEMS | B19: Push SKUs from Master List into:
A20: • Shopify | B20: Product SKU field (variants = individual boxes; parent = flavor)
A21: • QuickBooks Online | B21: Products & Services → SKU field
A22: • 3PL / WMS | B22: Whatever your fulfillment partner uses for item master
A23: • Amazon / retailers | B23: They'll also want UPC (see Barcode Guide)
A25: COLOR KEY
A26: Blue text | B26: Input cell — type/change values here
A27: Black text | B27: Formula — do not overwrite
A28: Yellow fill | B28: Assumption that needs confirmation or to be filled in

Sheet Code Reference
A1: Category Codes
A2: Category | B2: Code | C2: Description
A3: Sachet (single) | B3: SCH | C3: Individual powder sachet (eaches)
A4: Retail Box | B4: BOX | C4: Consumer box containing N sachets
A5: Tray / Case | B5: TRY | C5: Master case of retail boxes
A6: Pallet | B6: PLT | C6: Full pallet (whole-sale / distribution)
A7: Keychain | B7: KCH | C7: Individual keychain unit
A8: Eye Gel | B8: EYG | C8: Under-eye gel patches
A9: Merch / Other | B9: MRC | C9: Stickers, hats, non-consumable merch
A12: Flavor Codes
A13: Flavor | B13: Code | C13: Status
A14: Vanilla | B14: VAN | C14: LAUNCH
A15: Strawberry | B15: STR | C15: LAUNCH
A16: Mango | B16: MNG | C16: Reserved
A17: Berry Blend | B17: BRY | C17: Reserved
A18: Chocolate | B18: CHO | C18: Reserved
A19: Lemon | B19: LMN | C19: Reserved
A20: Matcha | B20: MCH | C20: Reserved
A21: N/A (non-flavor product) | B21: XXX | C21: Use for keychains, eye gels, merch

Sheet Master SKU List
A1: Master SKU List — shroomé
A2: Launch: Vanilla + Strawberry (12 sachets/box). Yellow cells need your input.
A4: SKU | B4: Product Name | C4: Category | D4: Flavor | E4: Pack Level | F4: Pack Qty | G4: UPC / GTIN-12 | H4: Internal Barcode | I4: MSRP ($) | J4: Wholesale ($) | K4: Unit Cost ($) | L4: Weight (g) | M4: Status | N4: Notes | O4: GTIN-12 (UPC-A) | P4: GTIN-14 (ITF-14) | Q4: Net Content | R4: GS1 Product Description
A5: SHR-SCH-VAN-01 | B5: shroomé Vanilla — Single Sachet | C5: SCH | D5: VAN | E5: Each | F5: 1 | H5: SHR-SCH-VAN-01 | M5: Active | N5: Internal tracking only (not sold individually) | O5: 860015741301 | Q5: 1 oz (28 g) | R5: Matcha Latte, Vanilla, Single Serve Sachet, 1 oz (28 g)
A6: SHR-BOX-VAN-12 | B6: shroomé Vanilla — Retail Box of 12 | C6: BOX | D6: VAN | E6: Inner/Retail | F6: 12 | H6: SHR-BOX-VAN-12 | M6: Active | N6: Primary consumer SKU — this is what Shopify/Amazon sells | O6: 860015741318 | Q6: 12 oz (336 g) | R6: Matcha Latte, Vanilla, Single Serve Sachets, 12-Count Box
A7: SHR-TRY-VAN-24 | B7: shroomé Vanilla — Master Case (24 boxes) | C7: TRY | D7: VAN | E7: Master Case | F7: 24 | H7: SHR-TRY-VAN-24 | M7: Active | N7: Confirm case pack with co-packer — placeholder at 24 | P7: 10860015741315 | Q7: 288 oz (8,064 g) | R7: Matcha Latte, Vanilla, 12-Count Box, Master Case of 24
A8: SHR-PLT-VAN | B8: shroomé Vanilla — Pallet | C8: PLT | D8: VAN | E8: Pallet | H8: SHR-PLT-VAN | M8: Active | N8: Confirm tray count per pallet with freight/3PL
A9: SHR-SCH-STR-01 | B9: shroomé Strawberry — Single Sachet | C9: SCH | D9: STR | E9: Each | F9: 1 | H9: SHR-SCH-STR-01 | M9: Active | N9: Internal tracking only (not sold individually) | O9: 860015741325 | Q9: 1 oz (28 g) | R9: Matcha Latte, Strawberry, Single Serve Sachet, 1 oz (28 g)
A10: SHR-BOX-STR-12 | B10: shroomé Strawberry — Retail Box of 12 | C10: BOX | D10: STR | E10: Inner/Retail | F10: 12 | H10: SHR-BOX-STR-12 | M10: Active | N10: Primary consumer SKU | O10: 860015741332 | Q10: 12 oz (336 g) | R10: Matcha Latte, Strawberry, Single Serve Sachets, 12-Count Box
A11: SHR-TRY-STR-24 | B11: shroomé Strawberry — Master Case (24 boxes) | C11: TRY | D11: STR | E11: Master Case | F11: 24 | H11: SHR-TRY-STR-24 | M11: Active | N11: Confirm case pack with co-packer — placeholder at 24 | P11: 10860015741339 | Q11: 288 oz (8,064 g) | R11: Matcha Latte, Strawberry, 12-Count Box, Master Case of 24
A12: SHR-PLT-STR | B12: shroomé Strawberry — Pallet | C12: PLT | D12: STR | E12: Pallet | H12: SHR-PLT-STR | M12: Active | N12: Confirm tray count per pallet with freight/3PL
A13: SHR-KCH-01 | B13: shroomé Keychain — Single Unit | C13: KCH | D13: XXX | E13: Each | F13: 1 | H13: SHR-KCH-01 | M13: Active | N13: Merch — single keychain | O13: 860015741349 | R13: Keychain, Single Unit
A14: SHR-KCH-BOX | B14: shroomé Keychain — Manufacturer Case | C14: KCH | D14: XXX | E14: Master Case | F14: 100 | H14: SHR-KCH-BOX | M14: Active | N14: Manufacturer shipping case (100 pcs). Not retail display. Revisit qty 2026-04-27 (reminder set). | O14: 860015741356 | R14: Keychain, Manufacturer Case of 100
A15: SHR-EYG-06 | B15: shroomé Eye Gels — Box of 6 | C15: EYG | D15: XXX | E15: Retail Box | F15: 6 | H15: SHR-EYG-06 | M15: Active | N15: Confirm pairs vs single patches — update SKU if 6 pairs | O15: 860015741363 | Q15: 30 ml total (6 ct) | R15: Under-Eye Gel Patches, 6-Count Box, 30 ml

Sheet Generator
A1: SKU Generator
A2: Fill the blue cells and the generator builds the SKU automatically.
A4: # | B4: Category Code | C4: Flavor Code | D4: Pack Qty | E4: Generated SKU | F4: Product Name Hint
A5: 1 | B5: SCH | C5: VAN | D5: 1 | E5: =IF(AND(B5="",C5="",D5=""),"","SHR-"&B5&"-"&C5&IF(ISBLANK(D5),"","-"&TEXT(D5,"00"))) | F5: =IF(B5="","",IFERROR(INDEX('Code Reference'!$A$3:$A$9,MATCH(B5,'Code Reference'!$B$3:$B$9,0)),"?")&" / "&IFERROR(INDEX('Code Reference'!$A$14:$A$21,MATCH(C5,'Code Reference'!$B$14:$B$21,0)),"?"))
A6: 2 | B6: BOX | C6: VAN | D6: 12 | E6: =IF(AND(B6="",C6="",D6=""),"","SHR-"&B6&"-"&C6&IF(ISBLANK(D6),"","-"&TEXT(D6,"00"))) | F6: =IF(B6="","",IFERROR(INDEX('Code Reference'!$A$3:$A$9,MATCH(B6,'Code Reference'!$B$3:$B$9,0)),"?")&" / "&IFERROR(INDEX('Code Reference'!$A$14:$A$21,MATCH(C6,'Code Reference'!$B$14:$B$21,0)),"?"))
A7: 3 | B7: TRY | C7: VAN | D7: 24 | E7: =IF(AND(B7="",C7="",D7=""),"","SHR-"&B7&"-"&C7&IF(ISBLANK(D7),"","-"&TEXT(D7,"00"))) | F7: =IF(B7="","",IFERROR(INDEX('Code Reference'!$A$3:$A$9,MATCH(B7,'Code Reference'!$B$3:$B$9,0)),"?")&" / "&IFERROR(INDEX('Code Reference'!$A$14:$A$21,MATCH(C7,'Code Reference'!$B$14:$B$21,0)),"?"))
A8: 4 | B8: PLT | C8: VAN | E8: =IF(AND(B8="",C8="",D8=""),"","SHR-"&B8&"-"&C8&IF(ISBLANK(D8),"","-"&TEXT(D8,"00"))) | F8: =IF(B8="","",IFERROR(INDEX('Code Reference'!$A$3:$A$9,MATCH(B8,'Code Reference'!$B$3:$B$9,0)),"?")&" / "&IFERROR(INDEX('Code Reference'!$A$14:$A$21,MATCH(C8,'Code Reference'!$B$14:$B$21,0)),"?"))
A9: 5 | B9: SCH | C9: STR | D9: 1 | E9: =IF(AND(B9="",C9="",D9=""),"","SHR-"&B9&"-"&C9&IF(ISBLANK(D9),"","-"&TEXT(D9,"00"))) | F9: =IF(B9="","",IFERROR(INDEX('Code Reference'!$A$3:$A$9,MATCH(B9,'Code Reference'!$B$3:$B$9,0)),"?")&" / "&IFERROR(INDEX('Code Reference'!$A$14:$A$21,MATCH(C9,'Code Reference'!$B$14:$B$21,0)),"?"))
A10: 6 | B10: BOX | C10: STR | D10: 12 | E10: =IF(AND(B10="",C10="",D10=""),"","SHR-"&B10&"-"&C10&IF(ISBLANK(D10),"","-"&TEXT(D10,"00"))) | F10: =IF(B10="","",IFERROR(INDEX('Code Reference'!$A$3:$A$9,MATCH(B10,'Code Reference'!$B$3:$B$9,0)),"?")&" / "&IFERROR(INDEX('Code Reference'!$A$14:$A$21,MATCH(C10,'Code Reference'!$B$14:$B$21,0)),"?"))
A11: 7 | B11: TRY | C11: STR | D11: 24 | E11: =IF(AND(B11="",C11="",D11=""),"","SHR-"&B11&"-"&C11&IF(ISBLANK(D11),"","-"&TEXT(D11,"00"))) | F11: =IF(B11="","",IFERROR(INDEX('Code Reference'!$A$3:$A$9,MATCH(B11,'Code Reference'!$B$3:$B$9,0)),"?")&" / "&IFERROR(INDEX('Code Reference'!$A$14:$A$21,MATCH(C11,'Code Reference'!$B$14:$B$21,0)),"?"))
A12: 8 | B12: PLT | C12: STR | E12: =IF(AND(B12="",C12="",D12=""),"","SHR-"&B12&"-"&C12&IF(ISBLANK(D12),"","-"&TEXT(D12,"00"))) | F12: =IF(B12="","",IFERROR(INDEX('Code Reference'!$A$3:$A$9,MATCH(B12,'Code Reference'!$B$3:$B$9,0)),"?")&" / "&IFERROR(INDEX('Code Reference'!$A$14:$A$21,MATCH(C12,'Code Reference'!$B$14:$B$21,0)),"?"))
A13: 9 | B13: KCH | C13: XXX | D13: 1 | E13: =IF(AND(B13="",C13="",D13=""),"","SHR-"&B13&"-"&C13&IF(ISBLANK(D13),"","-"&TEXT(D13,"00"))) | F13: =IF(B13="","",IFERROR(INDEX('Code Reference'!$A$3:$A$9,MATCH(B13,'Code Reference'!$B$3:$B$9,0)),"?")&" / "&IFERROR(INDEX('Code Reference'!$A$14:$A$21,MATCH(C13,'Code Reference'!$B$14:$B$21,0)),"?"))
A14: 10 | B14: KCH | C14: XXX | E14: =IF(AND(B14="",C14="",D14=""),"","SHR-"&B14&"-"&C14&IF(ISBLANK(D14),"","-"&TEXT(D14,"00"))) | F14: =IF(B14="","",IFERROR(INDEX('Code Reference'!$A$3:$A$9,MATCH(B14,'Code Reference'!$B$3:$B$9,0)),"?")&" / "&IFERROR(INDEX('Code Reference'!$A$14:$A$21,MATCH(C14,'Code Reference'!$B$14:$B$21,0)),"?"))
A15: 11 | B15: EYG | C15: XXX | D15: 6 | E15: =IF(AND(B15="",C15="",D15=""),"","SHR-"&B15&"-"&C15&IF(ISBLANK(D15),"","-"&TEXT(D15,"00"))) | F15: =IF(B15="","",IFERROR(INDEX('Code Reference'!$A$3:$A$9,MATCH(B15,'Code Reference'!$B$3:$B$9,0)),"?")&" / "&IFERROR(INDEX('Code Reference'!$A$14:$A$21,MATCH(C15,'Code Reference'!$B$14:$B$21,0)),"?"))
A16: 12 | E16: =IF(AND(B16="",C16="",D16=""),"","SHR-"&B16&"-"&C16&IF(ISBLANK(D16),"","-"&TEXT(D16,"00"))) | F16: =IF(B16="","",IFERROR(INDEX('Code Reference'!$A$3:$A$9,MATCH(B16,'Code Reference'!$B$3:$B$9,0)),"?")&" / "&IFERROR(INDEX('Code Reference'!$A$14:$A$21,MATCH(C16,'Code Reference'!$B$14:$B$21,0)),"?"))
A17: 13 | E17: =IF(AND(B17="",C17="",D17=""),"","SHR-"&B17&"-"&C17&IF(ISBLANK(D17),"","-"&TEXT(D17,"00"))) | F17: =IF(B17="","",IFERROR(INDEX('Code Reference'!$A$3:$A$9,MATCH(B17,'Code Reference'!$B$3:$B$9,0)),"?")&" / "&IFERROR(INDEX('Code Reference'!$A$14:$A$21,MATCH(C17,'Code Reference'!$B$14:$B$21,0)),"?"))
A18: 14 | E18: =IF(AND(B18="",C18="",D18=""),"","SHR-"&B18&"-"&C18&IF(ISBLANK(D18),"","-"&TEXT(D18,"00"))) | F18: =IF(B18="","",IFERROR(INDEX('Code Reference'!$A$3:$A$9,MATCH(B18,'Code Reference'!$B$3:$B$9,0)),"?")&" / "&IFERROR(INDEX('Code Reference'!$A$14:$A$21,MATCH(C18,'Code Reference'!$B$14:$B$21,0)),"?"))
A19: 15 | E19: =IF(AND(B19="",C19="",D19=""),"","SHR-"&B19&"-"&C19&IF(ISBLANK(D19),"","-"&TEXT(D19,"00"))) | F19: =IF(B19="","",IFERROR(INDEX('Code Reference'!$A$3:$A$9,MATCH(B19,'Code Reference'!$B$3:$B$9,0)),"?")&" / "&IFERROR(INDEX('Code Reference'!$A$14:$A$21,MATCH(C19,'Code Reference'!$B$14:$B$21,0)),"?"))

Sheet Barcode Guide
A1: Making Your SKUs Scannable
A2: READ THIS FIRST — SKUs ≠ Barcodes
A5: KEY DISTINCTION
A6: SKU | B6: Your internal product code (e.g., SHR-BOX-VAN-12). You control it. Used for inventory, accounting, internal reporting.
A7: UPC / GTIN | B7: Globally unique scannable barcode number (12 digits for UPC-A). REQUIRED to sell in retail stores, on Amazon, or anywhere a scanner needs to look up the product.
A9: IF YOU JUST NEED INTERNAL / WAREHOUSE SCANNING
A10: Use a Code-128 barcode of your SKU | B10: Your SKU string (e.g., SHR-BOX-VAN-12) can be printed as a Code-128 barcode on labels. Any handheld scanner reads it. Free — no registration needed.
A11: Print from | B11: Shopify's built-in barcode print, Dymo LabelWriter, ZPL printers, or free generators like barcode.tec-it.com (paste the SKU, select Code-128, download PNG).
A12: Scanner → product info | B12: Scanner reads 'SHR-BOX-VAN-12' → your POS/WMS/Shopify looks up that SKU and returns product data.
A14: IF YOU NEED RETAIL-READY / AMAZON / WHOLESALE SCANNING
A15: You MUST buy GS1 UPC numbers | B15: Go to https://www.gs1us.org → 'Get a Barcode' → GS1 US GTIN service. Costs ~$30 per UPC for small quantities, or ~$250 for a block of 10 that can fit your launch.
A16: Why GS1 | B16: Amazon, Walmart, Target, Whole Foods etc. verify UPCs against the GS1 database and will reject resold/fake UPCs (they will delist your ASIN). GS1 is the only source considered legitimate.
A17: What to buy (minimum for launch) | B17: 5 UPCs: (1) SHR-BOX-VAN-12, (2) SHR-BOX-STR-12, (3) SHR-KCH-01, (4) SHR-KCH-BOX, (5) SHR-EYG-06. Buy more if you also need case/pallet GTINs (GTIN-14) for distributors.
A18: Where to fill them in | B18: The yellow 'UPC / GTIN-12' column on the Master SKU List tab. Each UPC maps 1:1 to a SKU and never changes for that product.
A20: RECOMMENDED LAUNCH STACK
A21: 1. Shopify | B21: Acts as your product database. Create a product per flavor with a variant for each box SKU. Store SKU in SKU field, UPC in Barcode field.
A22: 2. Shopify POS / 3PL / warehouse | B22: Uses Code-128 barcodes of the SKUs for internal picking and receiving. Print labels once per batch.
A23: 3. Retail / Amazon / wholesale | B23: Uses the GS1 UPC on the outer retail box. Print UPC barcode directly on the box artwork.
A24: 4. Master cases / pallets | B24: Use GTIN-14 (derived from your GTIN-12 via GS1 rules) printed as ITF-14 barcodes on the case. Required for distribution centers (UNFI, KeHE, etc.).
A26: QUICK ACTION LIST
A27: ✓ Now | B27: Print Code-128 labels from this sheet for your internal launch inventory.
A28: ✓ Before retail/Amazon | B28: Buy 5–10 GS1 UPCs, paste into the UPC column, regenerate your retail box artwork.
A29: ✓ Before wholesale | B29: Have GS1 issue GTIN-14s for master cases; add ITF-14 barcodes to case artwork.
